title,price,rating,reviews,delivery,discount
SONY PlayStation 5 console 825 GB,"₹54,990",4.7,"5,031",Free delivery by,No discount
SONY PlayStation 5 Digital Edition 825 GB with Astro's ...,"₹44,940",4.7,"5,031",Free delivery by,No discount
TECHZONE PSP Built-in Games MP4 Player Tv Out Portable ...,"₹2,799",No ratings,No reviews,Free delivery,30% off
TECHZONE PSP Built-in Games MP4 Player Tv Out Portable ...,"₹2,799",No ratings,No reviews,Free delivery,30% off
NEXTTECH Grand Classic GCL PSP With MP4 Player NT-030 4...,"₹3,599",2.8,209,Free delivery,28% off
NEXTTECH Grand Classic GCL PSP gaming console With MP4 ...,"₹3,599",No ratings,No reviews,Free delivery,28% off
TECHZONE PSP Built-in Games MP4 Player Tv Out Portable ...,"₹2,799",No ratings,No reviews,Free delivery,30% off
NEXTTECH Grand Classic GCL PSP With MP4 Player NT-060 4...,"₹3,287",3.2,47,Free delivery,34% off
Gameson PSP Built-in Games MP4 Player Tv Out Portable G...,"₹2,749",No ratings,No reviews,Free delivery,31% off
TECHZONE PSP Built-in Games MP4 Player Tv Out Portable ...,"₹2,849",No ratings,No reviews,Free delivery,28% off
NEXTTECH Grand Classic GCL PSP With MP4 Player NT-065 4...,"₹3,599",3.1,30,Free delivery,28% off
NEXTTECH Grand Classic GCL PSP With MP4 Player NT-090 4...,"₹4,609",3.8,17,Free delivery,7% off
NEXTTECH GCL PSP With MP4 Player NT-095 4 GB with 10000...,"₹4,609",2.7,14,Free delivery,7% off
Gameson PSP Built-in Games MP4 Player Tv Out Portable G...,"₹2,799",No ratings,No reviews,Free delivery,30% off
TECHZONE PSP Built-in Games MP4 Player Tv Out Portable ...,"₹2,799",No ratings,No reviews,Free delivery,30% off
TECHZONE PSP Built-in Games MP4 Player Tv Out Portable ...,"₹2,799",No ratings,No reviews,Free delivery,30% off
"GLOWISH MP4 PLAYER PSP 4 GB with CAR RACING,SHOOTING, A...","₹3,399",2.2,6,Free delivery,15% off
NEXTTECH Grand Classic GCL PSP With MP4 Player NT-060 4...,"₹3,599",2.8,4,Free delivery,28% off
GLOWISH 4.3inch PSP highdefinition support TV output ha...,"₹3,399",No ratings,No reviews,Free delivery,15% off
TECHZONE PSP Built-in Games MP4 Player Tv Out Portable ...,"₹2,799",No ratings,No reviews,Free delivery,30% off
TECHZONE PSP Built-in Games MP4 Player Tv Out Portable ...,"₹2,799",No ratings,No reviews,Free delivery,30% off
GLOWISH Retro Handheld Game Console 4.3Inch Screen 128b...,"₹3,399",No ratings,No reviews,Free delivery,15% off
GLOWISH PSP 8GB WITH 10000 GAMES MP4 CAMERA 8 GB with C...,"₹3,399",3.1,40,Free delivery,15% off
GLOWISH GL-7821 IN-10-01 MP4 PLAYER PSP 4 with CAR RACI...,"₹3,399",No ratings,No reviews,Free delivery,15% off
Gameson PSP Built-in Games MP4 Player Tv Out Portable G...,"₹2,749",No ratings,No reviews,Free delivery,31% off
TECHZONE PSP Built-in Games MP4 Player Tv Out Portable ...,"₹2,799",No ratings,No reviews,Free delivery,30% off
TECHZONE PSP Built-in Games MP4 Player Tv Out Portable ...,"₹2,799",No ratings,No reviews,Free delivery,30% off
TECHZONE PSP Built-in Games MP4 Player Tv Out Portable ...,"₹2,799",No ratings,No reviews,Free delivery,30% off
GLOWISH PSP-A MP4 PLAYER POCKET WITH GAMES INCLUDED 8 G...,"₹3,399",No ratings,No reviews,Free delivery,15% off
GLOWISH PSP-A POCKETMP4 PLAYER WITH GAMES INCLUDED 8 GB...,"₹3,399",No ratings,No reviews,Free delivery,15% off
Gameson PSP Built-in Games MP4 Player Tv Out Portable G...,"₹2,799",No ratings,No reviews,Free delivery,30% off
TECHZONE PSP Built-in Games MP4 Player Tv Out Portable ...,"₹2,799",No ratings,No reviews,Free delivery,30% off
TECHZONE PSP Built-in Games MP4 Player Tv Out Portable ...,"₹2,799",No ratings,No reviews,Free delivery,30% off
Clubics PSP Plug N Play Gaming Console (Balck) 1 GB wit...,₹749,No ratings,No reviews,Free delivery,55% off
TECHZONE PSP Built-in Games MP4 Player Tv Out Portable ...,"₹2,799",No ratings,No reviews,Free delivery,30% off
Gameson PSP Built-in Games MP4 Player Tv Out Portable G...,"₹2,749",No ratings,No reviews,Free delivery,31% off
"GLOWISH MP_GL_IN1001 MP4 PLAYER PSP 4 with CAR RACING,S...","₹3,399",No ratings,No reviews,Free delivery,15% off
"GLOWISH MP4 PLAYER PSP 4 GB with CAR RACING,SHOOTING, A...","₹3,399",3.2,6,Free delivery,15% off
TECHZONE PSP Built-in Games MP4 Player Tv Out Portable ...,"₹2,799",No ratings,No reviews,Free delivery,30% off
Playstation 4 Slim Console 1TB,"₹31,900",4.5,56,Free delivery,13% off
BSVR Newly 400 Games Super Mario 057 Gaming Console Por...,₹749,3.6,10,Free delivery,62% off
"NKL Screen 400/Retro Classic Colourful LCD Screen, Port...",₹749,3,3,Free delivery,62% off
Grabit IN-XT IN-101 POCKET MP4 PLAYER WITH 1000 GAMES I...,"₹2,999",2.9,44,Free delivery,25% off
POWERNRI Digital PVP Play Station 3000 Games -GN-06 .16...,"₹1,999",No ratings,No reviews,Free delivery,33% off
"PICSTAR TV Video Game PVP 2017 1 GB with Contra, Mario,...","₹1,299",No ratings,No reviews,Free delivery,13% off
BSVR Newly 400 Games Super Mario 039 Gaming Console Por...,₹749,No ratings,No reviews,Free delivery,62% off
NEXTTECH Grand Classic GCL PSP With MP4 Player NT-060 4...,"₹3,287",3.2,47,Free delivery,34% off
NKL Led Screen Retro Classic Console Video Game Colourf...,₹749,3.7,15,Free delivery,62% off
"PICSTAR Handheld Pvp Light T 3000 Game 1 GB with 2.8"" L...","₹1,299",No ratings,No reviews,Free delivery,13% off
GLOWISH TV OUT POCKET HANDHELD VINTAGE GAMES MARIO CONT...,"₹3,399",No ratings,No reviews,Free delivery,15% off
"PICSTAR Pvp Gaming Video Gmae 1 GB with Super Mario, Co...","₹1,299",No ratings,No reviews,Free delivery,13% off
POWERNRI PVP Station Light 3000 Game .160 GB with All D...,"₹1,999",3.7,52,Free delivery,33% off
"PTCMart Dual System in 1 Box, 5000+Games inbuilt & HD A...","₹4,799",No ratings,No reviews,Free delivery,46% off
Gameson PSP Built-in Games MP4 Player Tv Out Portable G...,"₹2,749",No ratings,No reviews,Free delivery,31% off
NKL Led Screen Retro Classic Console Video Game Colourf...,₹749,3.8,4,Free delivery,62% off
POWERNRI Digital PVP Play Station 3000 Games Light DVXI...,"₹1,999",2,3,Free delivery,33% off
BSVR Newly 400 Games Super Mario 06 Gaming Console Port...,₹749,4,4,Free delivery,62% off
Grabit POCKET MP4 PLAYER WITH 10000 GAMES INCLUDED 4 GB...,"₹2,999",2.8,30,Free delivery,25% off
NKL Led Screen Retro Classic Console Video Game Colourf...,₹749,No ratings,No reviews,Free delivery,62% off
TECHZONE PSP Built-in Games MP4 Player Tv Out Portable ...,"₹2,849",No ratings,No reviews,Free delivery,28% off
"PICSTAR Tv Video Game Pvp 2017 1 GB with Mario, Racing","₹1,299",No ratings,No reviews,Free delivery,13% off
POWERNRI PVP Station Light 3000 Game .160 GB with All D...,"₹1,999",No ratings,No reviews,Free delivery,33% off
BSVR Newly 400 Games Super Mario 033 Gaming Console Por...,₹749,No ratings,No reviews,Free delivery,62% off
Grabit MP4 PLAYER WITH 10000 GAMES INCLUDED 8 GB with M...,"₹2,999",3.5,19,Free delivery,40% off
BSVR Newly 400 Games Super Mario 063 Gaming Console Por...,₹749,No ratings,No reviews,Free delivery,62% off
BSVR Newly 400 Games Super Mario 015 Gaming Console Por...,₹749,No ratings,No reviews,Free delivery,62% off
POWERNRI Digital PVP Play Station 3000 Games Light DVXI...,"₹1,999",3.5,8,Free delivery,33% off
NEXTTECH Digital PVP Play Station 3000 Games Light DVXI...,"₹1,599",2.9,10,Free delivery,27% off
GLOWISH MATT SCREEN HD POCKET GAME PLAYER VINTAGE GAMES...,"₹3,399",No ratings,No reviews,Free delivery,15% off
PICSTAR PVP Station Light 3000 Game 160 GB with All Dig...,"₹1,299",No ratings,No reviews,Free delivery,13% off
"Grabit I_NE-XT IN-1001 4 GB with VINTAGE CAR RACING,SHO...","₹2,999",3.5,20,Free delivery,25% off
BSVR Newly 400 Games Super Mario 055 Gaming Console Por...,₹749,No ratings,No reviews,Free delivery,62% off
NEXTTECH Digital PVP Play Station 3000 Games Light DVXI...,"₹1,599",2.6,7,Free delivery,27% off
"PICSTAR PVP Video game 2017 1 GB with Mario, Racing, Ar...","₹1,299",No ratings,No reviews,Free delivery,13% off
PTCMart 8 Bit PS5 Model Tv Video Game Console Classic W...,"₹1,599",No ratings,No reviews,Free delivery,36% off
BSVR Newly 400 Games Super Mario 08 Gaming Console Port...,₹749,No ratings,No reviews,Free delivery,62% off
BSVR Newly 400 Games Super Mario 012 Gaming Console Por...,₹749,No ratings,No reviews,Free delivery,62% off
BSVR Newly 400 Games Super Mario 026 Gaming Console Por...,₹749,No ratings,No reviews,Free delivery,62% off
BSVR Newly 400 Games Super Mario 019 Gaming Console Por...,₹749,No ratings,No reviews,Free delivery,62% off
PICSTAR TV Video Game PVP 2017 1 GB with TV audio video...,"₹1,299",2.8,8,Free delivery,13% off
"PICSTAR Pvp Gaming Video Gmae 1 GB with Super Mario, Co...","₹1,299",No ratings,No reviews,Free delivery,13% off
POWERNRI PVP Station Light 3000 Game .160 GB with All D...,"₹1,999",3.7,52,Free delivery,33% off
"PTCMart Dual System in 1 Box, 5000+Games inbuilt & HD A...","₹4,799",No ratings,No reviews,Free delivery,46% off
BSVR Newly 400 Games Super Mario 06 Gaming Console Port...,₹749,4,4,Free delivery,62% off
Grabit POCKET MP4 PLAYER WITH 10000 GAMES INCLUDED 4 GB...,"₹2,999",2.8,30,Free delivery,25% off
NKL Led Screen Retro Classic Console Video Game Colourf...,₹749,3.8,4,Free delivery,62% off
POWERNRI Digital PVP Play Station 3000 Games Light DVXI...,"₹1,999",2,3,Free delivery,33% off
NKL Led Screen Retro Classic Console Video Game Colourf...,₹749,No ratings,No reviews,Free delivery,62% off
Clubics X20 HD Screen Game Console 8GB Memory/360 Degre...,"₹4,249",No ratings,No reviews,Free delivery,57% off
Clubics X20 5.1 inch HD Screen 8GB Memory/MP3 Player/36...,"₹4,249",No ratings,No reviews,Free delivery,57% off
"PICSTAR Tv Video Game Pvp 2017 1 GB with Mario, Racing","₹1,299",No ratings,No reviews,Free delivery,13% off
Grabit MP4 PLAYER WITH 10000 GAMES INCLUDED 8 GB with M...,"₹2,999",3.5,19,Free delivery,40% off
POWERNRI PVP Station Light 3000 Game .160 GB with All D...,"₹1,999",3.4,46,Free delivery,33% off
"Grabit I_NE-XT IN-1001 4 GB with VINTAGE CAR RACING,SHO...","₹2,999",3.5,20,Free delivery,25% off
GLOWISH MATT SCREEN HD POCKET GAME PLAYER VINTAGE GAMES...,"₹3,399",No ratings,No reviews,Free delivery,15% off
PICSTAR PVP Station Light 3000 Game 160 GB with All Dig...,"₹1,299",No ratings,No reviews,Free delivery,13% off
BSVR Newly 400 Games Super Mario 063 Gaming Console Por...,₹749,No ratings,No reviews,Free delivery,62% off
BSVR Newly 400 Games Super Mario 055 Gaming Console Por...,₹749,No ratings,No reviews,Free delivery,62% off
PTCMart 8 Bit PS5 Model Tv Video Game Console Classic W...,"₹1,599",No ratings,No reviews,Free delivery,36% off
BSVR Newly 400 Games Super Mario 08 Gaming Console Port...,₹749,No ratings,No reviews,Free delivery,62% off
PICSTAR TV Video Game PVP 2017 1 GB with TV audio video...,"₹1,299",2.8,8,Free delivery,13% off
NKL Led Screen Retro Classic Console Video Game Colourf...,₹749,3.4,22,Free delivery,62% off
BSVR Newly 400 Games Super Mario 012 Gaming Console Por...,₹749,No ratings,No reviews,Free delivery,62% off
POWERNRI PVP Station Light 3000 Game .160 GB with All D...,"₹1,999",3.3,33,Free delivery,33% off
BSVR Newly 400 Games Super Mario 061 Gaming Console Por...,₹749,No ratings,No reviews,Free delivery,62% off
"PTCMart Dual System in 1 Box, Gaming box/Android box 50...","₹4,799",2,4,Free delivery,46% off
NEXTTECH Digital PVP Play Station 3000 Games Light DVXI...,"₹1,599",3.1,24,Free delivery,27% off
NKL Led Screen Retro Classic Console Video Game Colourf...,₹749,No ratings,No reviews,Free delivery,62% off
POWERNRI PVP Station Light 3000 Game .160 GB with All D...,"₹1,999",2.9,36,Free delivery,33% off
NEXTTECH Digital PVP Play Station 3000 Games Light DVXI...,"₹1,599",2.9,10,Free delivery,27% off
NEXTTECH Digital PVP Play Station 3000 Games Light DVXI...,"₹1,599",2.8,8,Free delivery,27% off
BSVR Newly 400 Games Super Mario 054 Gaming Console Por...,₹749,No ratings,No reviews,Free delivery,62% off
D & Y Rockers-Game 1 GB with 3000 Games,"₹4,999",3.4,8,Free delivery by,37% off
GLOWISH HD-MATT SCREEN POCKET GAME PLAYER VINTAGE GAMES...,"₹3,299",No ratings,No reviews,Free delivery,17% off
POWERNRI Digital PVP Play Station 3000 Games Light DVXI...,"₹1,999",3.5,15,Free delivery,33% off
BSVR Newly 400 Games Super Mario 013 Gaming Console Por...,₹749,3.4,5,Free delivery,62% off
BSVR Newly 400 Games Super Mario 038 Gaming Console Por...,₹749,3.6,12,Free delivery,62% off
BSVR Newly 400 Games Super Mario 031 Gaming Console Por...,₹749,3.4,5,Free delivery,62% off
PICSTAR Pvp Station Light 3000 Game 1 GB with All Digit...,"₹1,299",2.7,3,Free delivery,13% off
POWERNRI Digital PVP Play Station 3000 Games Light DVXI...,"₹1,999",3.5,8,Free delivery,33% off
PICSTAR Pvp Station Light 3000 Game 1 GB with All Digit...,"₹1,299",2.7,3,Free delivery,13% off
POWERNRI Digital PVP Play Station 3000 Games Light DVXI...,"₹1,999",3.5,8,Free delivery,33% off
GLOWISH POCKETMP4 PLAYER WITH 10000 GAMES INCLUDED 8 GB...,"₹3,399",No ratings,No reviews,Free delivery,15% off
Grabit GB_mp_iN-1-00-1 MP4 PLAYER WITH 10000 GAMES INCL...,"₹2,595",3.2,20,Free delivery,35% off
"Grousale X20 5.1-Inch HD Gaming Console - 4K Gaming, Du...","₹5,899",No ratings,No reviews,Free delivery,34% off
POWERNRI Digital PVP Play Station 3000 Games Light DVXI...,"₹1,999",3.6,7,Free delivery,33% off
GLOWISH IN-1001PB 4 GB with 10000 GAMES,"₹3,399",No ratings,No reviews,Free delivery,No discount
POWERNRI Digital PVP Play Station 3000 Games Light DVXI...,"₹1,999",2.7,6,Free delivery,33% off
GLOWISH HANDHELD GAME PLAYER WITH E-BOOK SUPPORT CAMERA...,"₹3,399",No ratings,No reviews,Free delivery,15% off
"NKL LCD Screen, Console 04 Gaming Video Game, Portable,...",₹749,No ratings,No reviews,Free delivery,62% off
GLOWISH MATT SCREEN PS-P POCKET GAME PLAYER VINTAGE GAM...,"₹3,399",No ratings,No reviews,Free delivery,15% off
GLOWISH MATT SCREEN HD POCKET GAME PLAYER VINTAGE GAMES...,"₹3,399",No ratings,No reviews,Free delivery,15% off
GLOWISH TOP QUALITY MATT SCREEN POCKET GAME PLAYER VINT...,"₹3,399",No ratings,No reviews,Free delivery,15% off
NKL Sub Mario Console 400 games in this device VideoGam...,₹749,No ratings,No reviews,Free delivery,62% off
BSVR Newly 400 Games Super Mario 019 Gaming Console Por...,₹749,No ratings,No reviews,Free delivery,62% off
GLOWISH POCKET MP4 player WITH 10000 GAMES 1 GB with vi...,"₹3,399",No ratings,No reviews,Free delivery,No discount
Grabit 42698 IN_GB_10-0-1 POCKET MP4 PLAYER WITH 10000 ...,"₹2,999",3,34,Free delivery,25% off
Grabit HANDHELD MP4 PLAYER WITH 10000 GAMES INCLUDED 8 ...,"₹2,999",2.9,10,Free delivery,25% off
BSVR Newly 400 Games Super Mario 026 Gaming Console Por...,₹749,No ratings,No reviews,Free delivery,62% off
NKL Led Screen Retro Classic Console Video Game Colourf...,₹749,No ratings,No reviews,Free delivery,62% off
NKL Led Screen Retro Classic Console Video Game Colourf...,₹749,No ratings,No reviews,Free delivery,62% off
GLOWISH HD-MATT SCREEN POCKET GAME PLAYER VINTAGE GAMES...,"₹3,299",No ratings,No reviews,Free delivery,17% off
NEXTTECH Digital PVP Play Station 3000 Games Light DVXI...,"₹1,449",3.4,181,Free delivery,34% off
GLOWISH JOYSTICK MATT SCREEN POCKET GAME PLAYER VINTAGE...,"₹3,399",No ratings,No reviews,Free delivery,15% off
Clubics X20 5.1inch HD Screen Gaming Box CAR RACING SPO...,"₹4,249",No ratings,No reviews,Free delivery,57% off
NEXTTECH Console Over 3K Games Includes Action-Adventur...,"₹1,534",No ratings,No reviews,Free delivery,48% off
BSVR Newly 400 Games Super Mario 016 Gaming Console Por...,₹749,No ratings,No reviews,Free delivery,62% off
"PICSTAR PVP Video game 2017 1 GB with Mario, Racing, Ar...","₹1,299",No ratings,No reviews,Free delivery,13% off
BSVR Newly 400 Games Super Mario 011 Gaming Console Por...,₹749,No ratings,No reviews,Free delivery,62% off
BSVR Newly 400 Games Super Mario 034 Gaming Console Por...,₹749,No ratings,No reviews,Free delivery,62% off
"GLOWISH GL 1001 4 GB with VINTAGE GAMES, CAR RACING,SHO...","₹3,399",No ratings,No reviews,Free delivery,15% off
PTCMart Handheld Brick game & pop game Combo of 2pcs Ba...,₹499,3,10,Free delivery,No discount
BSVR Newly 400 Games Super Mario 022 Gaming Console Por...,₹749,No ratings,No reviews,Free delivery,62% off
GLOWISH DOUBLE ROCKER TFT POCKET GAME PLAYER VINTAGE GA...,"₹3,299",No ratings,No reviews,Free delivery,10% off
POWERNRI Digital PVP Play Station 3000 Games Light DVXI...,"₹1,999",3.3,191,Free delivery,33% off
BSVR Newly 400 Games Super Mario 058 Gaming Console Por...,₹749,No ratings,No reviews,Free delivery,62% off
GLOWISH TFT SCREEN DOUBLE ROCKER POCKET GAME PLAYER VIN...,"₹3,299",No ratings,No reviews,Free delivery,10% off
PTCMart Brick game & pop game Handheld Combo of 2pcs Ba...,₹499,4,5,Free delivery,No discount
BSVR Newly 400 Games Super Mario 027 Gaming Console Por...,₹749,No ratings,No reviews,Free delivery,62% off
BSVR Newly 400 Games Super Mario 036 Gaming Console Por...,₹749,No ratings,No reviews,Free delivery,62% off
NKL Led Screen Retro Classic Console Video Game Colourf...,₹749,No ratings,No reviews,Free delivery,62% off
NKL Led Screen Retro Classic Console Video Game Colourf...,₹749,3.8,11,Free delivery,62% off
Inext IN-1001 PB 4 GB with 10000,"₹2,739",3.2,155,Free delivery,16% off
"NKL Console 03 Gaming Video Game, LCD Screen, Portable,...",₹749,No ratings,No reviews,Free delivery,62% off
BSVR Newly 400 Games Super Mario 052 Gaming Console Por...,₹749,No ratings,No reviews,Free delivery,62% off
NKL Led Screen Retro Classic Console Video Game Colourf...,₹749,3.7,27,Free delivery,62% off
PICSTAR Pvp Black Color 3000 Games Video Console Handhe...,"₹1,044",3.8,13,Free delivery,30% off
GLOWISH MATT SCREEN POCKET GAME PLAYER VINTAGE GAMES IN...,"₹3,399",No ratings,No reviews,Free delivery,15% off
NKL Led Screen Retro Classic Console Video Game Colourf...,₹749,No ratings,No reviews,Free delivery,62% off
BSVR Newly 400 Games Super Mario 03 Gaming Console Port...,₹749,No ratings,No reviews,Free delivery,62% off
BSVR Newly 400 Games Super Mario 053 Gaming Console Por...,₹749,No ratings,No reviews,Free delivery,62% off
White Devil Digital PVP Play Station 3000 Games NP-025 ...,"₹1,099",No ratings,No reviews,Free delivery,45% off
NKL Led Screen Retro Classic Console Video Game Colourf...,₹749,No ratings,No reviews,Free delivery,62% off
NKL Led Screen Retro Classic Console Video Game Colourf...,₹749,No ratings,No reviews,Free delivery,62% off
NKL Led Screen Retro Classic Console Video Game Colourf...,₹749,No ratings,No reviews,Free delivery,62% off
BSVR Newly 400 Games Super Mario 042 Gaming Console Por...,₹749,No ratings,No reviews,Free delivery,62% off
BSVR Newly 400 Games Super Mario 021 Gaming Console Por...,₹749,No ratings,No reviews,Free delivery,62% off
NKL Led Screen Retro Classic Console Video Game Colourf...,₹749,No ratings,No reviews,Free delivery,62% off
BSVR Newly 400 Games Super Mario 047 Gaming Console Por...,₹749,No ratings,No reviews,Free delivery,62% off
NKL Led Screen Retro Classic Console Video Game Colourf...,₹749,3.3,4,Free delivery,62% off
Grabit MI_IN_10---01 MP4 PLAYER WITH 10000 GAMES INCLUD...,"₹2,999",3.1,17,Free delivery,25% off
BSVR Newly 400 Games Super Mario 07 Gaming Console Port...,₹749,No ratings,No reviews,Free delivery,62% off
NKL Led Screen Retro Classic Console Video Game Colourf...,₹749,No ratings,No reviews,Free delivery,62% off
NKL Led Screen Retro Classic Console Video Game Colourf...,₹749,No ratings,No reviews,Free delivery,62% off
NKL Led Screen Retro Classic Console Video Game Colourf...,₹749,No ratings,No reviews,Free delivery,62% off
NKL Led Screen Retro Classic Console Video Game Colourf...,₹749,2.9,11,Free delivery,62% off
Grabit I.N-.xt 10001 POCKET MP4 PLAYER WITH 1000 GAMES ...,"₹2,999",No ratings,No reviews,Free delivery,25% off
Clubics PLUG N PLAY TV GAME CONSOLE: 220 VIDEO GAME 1 G...,₹729,3,5,Free delivery,57% off
NEXTTECH NT-025 4 GB with 10000 GAMES,"₹3,599",2.9,42,Free delivery,28% off
NKL Led Screen Retro Classic Console Video Game Colourf...,₹749,No ratings,No reviews,Free delivery,62% off
BSVR Newly 400 Games Super Mario 010 Gaming Console Por...,₹749,No ratings,No reviews,Free delivery,62% off
NKL Led Screen Retro Classic Console Video Game Colourf...,₹749,No ratings,No reviews,Free delivery,62% off
Clubics X20 GamingBox VINTAGE GAMES MARIO game with inb...,"₹4,249",No ratings,No reviews,Free delivery,57% off
BSVR Newly 400 Games Super Mario 032 Gaming Console Por...,₹749,No ratings,No reviews,Free delivery,62% off
BSVR Newly 400 Games Super Mario 033 Gaming Console Por...,₹749,No ratings,No reviews,Free delivery,62% off
NKL Led Screen Retro Classic Console Video Game Colourf...,₹749,No ratings,No reviews,Free delivery,62% off
PTCMart Combo of 2pcs Brick Video game Battery Operated...,₹499,2.9,14,Free delivery,No discount
"PICSTAR Pvp2 Video Game 1 GB with Super Mario, Contra","₹1,299",2.4,5,Free delivery,13% off
Clubics PVP Pocket Gaming Console for Kids (RED) 1 GB w...,₹899,3.5,10,Free delivery,40% off
PICSTAR Pvp Light Station 3000 Gaming Console-Kihy 1 GB...,"₹1,199",No ratings,No reviews,Free delivery,20% off
PTCMart Classic 8 Bit PS5 Model Tv Video Game Console W...,"₹1,599",No ratings,No reviews,Free delivery,38% off
BSVR Newly 400 Games Super Mario 05 Gaming Console Port...,₹749,No ratings,No reviews,Free delivery,62% off
NKL Led Screen Retro Classic Console Video Game Colourf...,₹749,No ratings,No reviews,Free delivery,62% off
BSVR Newly 400 Games Super Mario 02 Gaming Console Port...,₹749,No ratings,No reviews,Free delivery,62% off
NKL Led Screen Retro Classic Console Video Game Colourf...,₹749,No ratings,No reviews,Free delivery,62% off
GLOWISH JOYSTICK TEKKEN3 MARIO CONTRAGAME HANDHELD POCK...,"₹3,399",No ratings,No reviews,Free delivery,15% off
GLOWISH PSP 8GB WITH 10000 GAMES MP4 CAMERA 8 GB with C...,"₹3,399",3.1,40,Free delivery,15% off
NKL Led Screen Retro Classic Console Video Game Colourf...,₹749,3.6,87,Free delivery,62% off
NKL Led Screen Retro Classic Console Video Game Colourf...,₹749,No ratings,No reviews,Free delivery,62% off
NKL Led Screen Retro Classic Console Video Game Colourf...,₹749,No ratings,No reviews,Free delivery,62% off
NKL Led Screen Retro Classic Console Video Game Colourf...,₹749,No ratings,No reviews,Free delivery,62% off
PTCMart Classic 8 Bit Tv Video Game Console PS5 Model W...,"₹1,599",No ratings,No reviews,Free delivery,36% off
BSVR Newly 400 Games Super Mario 044 Gaming Console Por...,₹749,No ratings,No reviews,Free delivery,62% off
BSVR Newly 400 Games Super Mario 059 Gaming Console Por...,₹749,No ratings,No reviews,Free delivery,62% off
BSVR Newly 400 Games Super Mario 024 Gaming Console Por...,₹749,No ratings,No reviews,Free delivery,62% off
GLOWISH GL-7821 IN-10-01 MP4 PLAYER PSP 4 with CAR RACI...,"₹3,399",No ratings,No reviews,Free delivery,15% off
Gameson PSP Built-in Games MP4 Player Tv Out Portable G...,"₹2,749",No ratings,No reviews,Free delivery,31% off
"NKL Console 02 Gaming Video Game, Colourful LCD Screen,...",₹749,No ratings,No reviews,Free delivery,62% off
Rewy LCD Screen Handheld Sup Video Game 1 GB with All O...,₹711,3.6,"1,831",Free delivery,52% off
Playstation 4 PS4 Slim with Extra Dualshock 4 Wireless ...,"₹34,480",No ratings,No reviews,Free delivery,13% off
NKL Led Screen Retro Classic Console Video Game Colourf...,₹749,No ratings,No reviews,Free delivery,62% off
TECHZONE PSP Built-in Games MP4 Player Tv Out Portable ...,"₹2,799",No ratings,No reviews,Free delivery,30% off
BSVR Newly 400 Games Super Mario 023 Gaming Console Por...,₹749,No ratings,No reviews,Free delivery,62% off
BSVR Newly 400 Games Super Mario 046 Gaming Console Por...,₹749,No ratings,No reviews,Free delivery,62% off
NKL Led Screen Retro Classic Console Video Game Colourf...,₹749,No ratings,No reviews,Free delivery,62% off
BSVR Newly 400 Games Super Mario 060 Gaming Console Por...,₹749,No ratings,No reviews,Free delivery,62% off
TECHZONE PSP Built-in Games MP4 Player Tv Out Portable ...,"₹2,799",No ratings,No reviews,Free delivery,30% off
Grabit POCKETMP4 PLAYER WITH 10000 GAMES INCLUDED 8 GB ...,"₹2,999",No ratings,No reviews,Free delivery,25% off
GLOWISH Handheld Game 4 with 10000 GAMES,"₹3,399",1.4,5,Free delivery,5% off
Grabit IN-1/001 MP4 PLAYER WITH 10000 GAMES INCLUDED 8 ...,"₹2,999",No ratings,No reviews,Free delivery,25% off
BSVR Newly 400 Games Super Mario 020 Gaming Console Por...,₹749,No ratings,No reviews,Free delivery,62% off
BSVR Newly 400 Games Super Mario 040 Gaming Console Por...,₹749,No ratings,No reviews,Free delivery,62% off
NEXTTECH Digital PVP Play Station 3000 Games Light DVXI...,"₹1,599",3.6,13,Free delivery,27% off
TECHZONE PSP Built-in Games MP4 Player Tv Out Portable ...,"₹2,799",No ratings,No reviews,Free delivery,30% off
Clubics X20 5.1inch HD Screen Gaming Box CAR RACING SPO...,"₹4,249",No ratings,No reviews,Free delivery,57% off
Clubics 12 1 GB with SUPER MARIO,₹899,No ratings,No reviews,Free delivery,40% off
Clubics X20 GamingBox VINTAGE GAMES MARIO game with inb...,"₹4,249",No ratings,No reviews,Free delivery,57% off
Clubics PVP Pocket Gaming Console for Kids (RED) 1 GB w...,₹899,3.5,10,Free delivery,40% off
Clubics PVP BLUE GAMING CONSOLE WITH 3D SOUND & LCD DIS...,₹899,No ratings,No reviews,Free delivery,40% off
Clubics Best PVP Station Video Game Console 1 GB with S...,₹899,2,3,Free delivery,40% off
Grabit POCKETMP4 PLAYER WITH 10000 GAMES INCLUDED 8 GB ...,"₹2,945",No ratings,No reviews,Free delivery,26% off
GLOWISH Handheld Game 4 with 10000 GAMES,"₹3,399",1.4,5,Free delivery,5% off
BSVR Newly 400 Games Super Mario 020 Gaming Console Por...,₹749,No ratings,No reviews,Free delivery,62% off
NEXTTECH Digital PVP Play Station 3000 Games Light DVXI...,"₹1,599",3.6,13,Free delivery,27% off
BSVR Newly 400 Games Super Mario 048 Gaming Console Por...,₹749,No ratings,No reviews,Free delivery,62% off
BSVR Newly 400 in 1 Rechargable Gaming Console Portable...,₹749,No ratings,No reviews,Free delivery,62% off
BSVR Newly 400 Games Super Mario 014 Gaming Console Por...,₹749,No ratings,No reviews,Free delivery,62% off
NKL Led Screen Retro Classic Console Video Game Colourf...,₹749,No ratings,No reviews,Free delivery,62% off
NKL Led Screen Retro Classic Console Video Game Colourf...,₹749,No ratings,No reviews,Free delivery,62% off
NKL Led Screen Retro Classic Console Video Game Colourf...,₹749,No ratings,No reviews,Free delivery,62% off
NKL Led Screen Retro Classic Console Video Game Colourf...,₹749,3.6,29,Free delivery,62% off
BSVR Newly 400 Games Super Mario 017 Gaming Console Por...,₹749,No ratings,No reviews,Free delivery,62% off
BSVR Newly 400 Games Super Mario 045 Gaming Console Por...,₹749,No ratings,No reviews,Free delivery,62% off
BSVR Newly 400 Games Super Mario 040 Gaming Console Por...,₹749,No ratings,No reviews,Free delivery,62% off
"NKL Screen 400/Retro Classic Colourful LCD Screen, Port...",₹749,No ratings,No reviews,Free delivery,62% off
NKL Led Screen Retro Classic Console Video Game Colourf...,₹749,No ratings,No reviews,Free delivery,62% off
NKL Led Screen Retro Classic Console Video Game Colourf...,₹749,No ratings,No reviews,Free delivery,62% off
BSVR Newly 400 Games Super Mario 028 Gaming Console Por...,₹749,No ratings,No reviews,Free delivery,62% off
Grabit GT MP4 PLAYER WITH 10000 GAMES INCLUDED 8 GB wit...,"₹3,399",No ratings,No reviews,Free delivery,32% off
"NKL Classic Gaming Console Video Game, Colourful LCD Sc...",₹749,No ratings,No reviews,Free delivery,62% off
NKL Led Screen Retro Classic Console Video Game Colourf...,₹749,No ratings,No reviews,Free delivery,62% off
BSVR Newly 400 Games Super Mario 043 Gaming Console Por...,₹749,No ratings,No reviews,Free delivery,62% off
BSVR Newly 400 Games Super Mario 065 Gaming Console Por...,₹749,No ratings,No reviews,Free delivery,62% off
NKL Led Screen Retro Classic Console Video Game Colourf...,₹749,No ratings,No reviews,Free delivery,62% off
NKL Led Screen Retro Classic Console Video Game Colourf...,₹749,No ratings,No reviews,Free delivery,62% off
Tech Aura USB Wireless Console Game Stick Video Game Co...,"₹2,499",2.8,22,Free delivery,50% off
NKL Led Screen Retro Classic Console Video Game Colourf...,₹749,No ratings,No reviews,Free delivery,62% off
BSVR Newly 400 Games Super Mario 029 Gaming Console Por...,₹749,No ratings,No reviews,Free delivery,62% off
NKL Led Screen Retro Classic Console Video Game Colourf...,₹749,No ratings,No reviews,Free delivery,62% off
NKL Led Screen Retro Classic Console Video Game Colourf...,₹749,No ratings,No reviews,Free delivery,62% off
NKL Led Screen Retro Classic Console Video Game Colourf...,₹749,No ratings,No reviews,Free delivery,62% off
BSVR Newly 400 Games Super Mario 050 Gaming Console Por...,₹749,No ratings,No reviews,Free delivery,62% off
NKL Led Screen Retro Classic Console Video Game Colourf...,₹749,No ratings,No reviews,Free delivery,62% off
GLOWISH Vintage games Included Pocket Mp4 Player E-book...,"₹3,299",No ratings,No reviews,Free delivery,17% off
BSVR Newly 400 Games Super Mario 056 Gaming Console Por...,₹749,No ratings,No reviews,Free delivery,62% off
NKL Led Screen Retro Classic Console Video Game Colourf...,₹749,4.3,3,Free delivery,62% off
Grabit POCKET MP4 PLAYER WITH 1000 GAMES INCLUDED 4 GB ...,"₹2,999",No ratings,No reviews,Free delivery,25% off
"PTCMart Gaming box/Android box Dual System in 1 Box, 50...","₹4,799",1,2,Free delivery,46% off
BSVR Newly 400 Games Super Mario 018 Gaming Console Por...,₹749,No ratings,No reviews,Free delivery,62% off
BSVR Newly 400 Games Super Mario 09 Gaming Console Port...,₹749,No ratings,No reviews,Free delivery,62% off
NKL Led Screen Retro Classic Console Video Game Colourf...,₹749,No ratings,No reviews,Free delivery,62% off
NKL Portable Kids Retro Game Box Console Handheld Game ...,₹799,No ratings,No reviews,Free delivery,60% off
"GLOWISH MP4 PLAYER PSP 4 GB with CAR RACING,SHOOTING, A...","₹3,399",No ratings,No reviews,Free delivery,15% off
Gameson PSP Built-in Games MP4 Player Tv Out Portable G...,"₹2,749",No ratings,No reviews,Free delivery,31% off
Novax Divaa Store 101000 in 1 Video game 1 GB with 1010...,₹899,3.3,18,Free delivery,40% off
Viraan SUP 400 in 1 Retro GameBox Handheld Video Game a...,"₹1,099",No ratings,No reviews,Free delivery,63% off
Playstation 4 PS4 Slim 1 Tb with Extra Dualshock 4 Wire...,"₹36,890",No ratings,No reviews,Free delivery,7% off
A CONNECT Z SUP 400 VIDEO GAME with 4000 GAMES,"₹1,299",No ratings,No reviews,Free delivery,35% off
TECHZONE PSP Built-in Games MP4 Player Tv Out Portable ...,"₹2,799",No ratings,No reviews,Free delivery,30% off
Grabit GB-1001 IN-XT IN-101 POCKET MP4 PLAYER WITH 1000...,"₹2,999",3.3,29,Free delivery,25% off
Viraan SUP 400 in 1 Games Retro GameBox Console Handhel...,₹899,3,3,Free delivery,70% off
NEXTTECH Digital PVP Play Station 3000 Games Light DVXI...,"₹1,599",2.3,7,Free delivery,27% off
GLOWISH HD SCREEN POCKET GAME PLAYER VINTAGE GAMES INCL...,"₹3,299",No ratings,No reviews,Free delivery,17% off
FYURI G11 Pro Game Console 4K Game Box Gaming Android 9...,"₹6,175",No ratings,No reviews,Free delivery,58% off
Grabit MP 658 in-10001 POCKET MP4 PLAYER WITH 1000 GAME...,"₹2,999",3,57,Free delivery,25% off
Grabit POCKET MP4 PLAYER WITH 10000 GAMES INCLUDED 8 GB...,"₹2,999",3.1,20,Free delivery,25% off
POWERNRI PVP Station Light 3000 Game .160 GB with All D...,"₹1,999",2.5,18,Free delivery,33% off
Grabit PS MP4 PLAYER WITH 10000GAMES INCLUDED 8 GB with...,"₹3,499",No ratings,No reviews,Free delivery,41% off
BSVR Newly 400 Games Super Mario 051 Gaming Console Por...,₹749,No ratings,No reviews,Free delivery,62% off
Grabit POCKET MP4PLAYER WITH 10000 GAMES INCLUDED 8 GB ...,"₹3,499",No ratings,No reviews,Free delivery,12% off
Grabit MP4 PLAYER WITH 10000GAMES POCKET INCLUDED 8 GB ...,"₹3,399",No ratings,No reviews,Free delivery,15% off
Grabit 128bit 8GB 10000 Games 4.3inch PSPHighDefinition...,"₹3,499",No ratings,No reviews,Free delivery,12% off
Grabit 128bit 8GB 10000 Games 4.3 inch PSPHighDefinitio...,"₹2,999",2.8,8,Free delivery,40% off
Inext IN-1001 PB 4 GB with 10000,"₹2,739",3,60,Free delivery,16% off
Grabit TV OUT CAMERA SD CARD MP4 PLAYER E-BOOKS 4 GB wi...,"₹3,399",No ratings,No reviews,Free delivery,15% off
Grabit POCKET MP4 PLAYER WITH 10000 GAMES INCLUDED 4 GB...,"₹2,999",3,25,Free delivery,25% off
Grabit GB iN_1-0-0-1 MP4 PLAYER WITH 10000 GAMES INCLUD...,"₹2,589",2.8,9,Free delivery,31% off
Novax DIVAA PVP LIGHT STATION 3000 BLACK COLOR GAMING C...,"₹1,124",No ratings,No reviews,Free delivery,43% off
SONY PlayStation 5 console GoWR VCH bundle 825 GB with ...,"₹59,390",4.7,"5,031",Free delivery,No discount
"SONY PS4 Slim 1 TB with Detroit - Become Human, The Las...","₹27,622",4.7,"6,469",Free delivery,7% off
SONY PS4 Slim 1 TB,"₹25,399",4.7,"6,469",Free delivery,11% off
SONY PlayStation 4 (PS4) Slim 1 TB with Uncharted 4 and...,"₹29,199",4.6,547,Free delivery,11% off
SONY PlayStation 4 (PS4) Slim 1 TB with The Last of Us ...,"₹28,999",4.6,"1,155",Free delivery,12% off
PICSTAR POCKET MP4 PLAYER WITH 10000 GAMES INCLUDED 8 G...,"₹2,999",No ratings,No reviews,Free delivery,40% off
SONY PS4 Slim 1000 GB,"₹27,990",4.6,504,Free delivery,6% off
SONY PlayStation 4 (PS4) Slim 1 TB with Uncharted Colle...,"₹32,990",4.7,307,Free delivery,No discount
SONY PlayStation 4 (PS4) Slim 1 TB with FIFA18,"₹32,990",4.6,302,Free delivery,No discount
Clubics X19 Plus 5.1inch 8GB Memory Game Console Suppor...,"₹4,099",No ratings,No reviews,Free delivery,59% off
SONY PlayStation 4 (PS4) 1 TB with FIFA 19,"₹33,465",4.7,"6,469",Free delivery,8% off
Clubics X20 GamingBox ARCADE PUZZLE VINTAGE game with i...,"₹4,249",No ratings,No reviews,Free delivery,57% off
Clubics X20 GamingBoxCAR RACING SPORTS game with inbuil...,"₹4,249",No ratings,No reviews,Free delivery,57% off
Clubics X20 5.1 inch HD Screen Game Console 8GB Memory/...,"₹4,249",No ratings,No reviews,Free delivery,57% off
Clubics TV Video Game - 98000 IN 1 Video Game - TV / PC...,₹599,3.7,19,Free delivery,40% off
SONY PlayStation 4 1 TB with Bloodborne,"₹32,290",4.4,14,Free delivery,4% off
Clubics PVP2 Video Game - Gaming Console 16 bit for Kid...,₹999,No ratings,No reviews,Free delivery,66% off
Clubics X19 Plus 5.1inch Screen Game Console Support 8G...,"₹4,099",No ratings,No reviews,Free delivery,59% off
Clubics X20 5.1inch HD Screen Gaming Box with inbuild S...,"₹4,249",No ratings,No reviews,Free delivery,57% off
Clubics X20 GamingBox ARCADE PUZZLE game with inbuild S...,"₹4,249",No ratings,No reviews,Free delivery,57% off
Clubics X19 Plus GameConsole With 5.1inch HD Screen Sup...,"₹4,099",No ratings,No reviews,Free delivery,59% off
Clubics X20 Gaming Box with 5.1inch HD inbuild Speaker ...,"₹4,249",No ratings,No reviews,Free delivery,57% off
Clubics PLUG N PLAY DIFFERENT TV VIDEO GAME CONSOLE: 22...,₹749,No ratings,No reviews,Free delivery,55% off
Psp GameKart PVP LIGHT STATION 3000 BLACK COLOR GAMING ...,"₹1,098",2.8,26,Free delivery,31% off
Clubics X19 Plus 5.1inch Game Console Support Built In ...,"₹4,099",No ratings,No reviews,Free delivery,59% off
PICSTAR 75203 GB-IN-10_0.1 MP4 PLAYER WITH 10000 GAMES ...,"₹2,999",No ratings,No reviews,Free delivery,40% off
Sony PlayStation 4 (PS4) Slim 1 TB with FIFA 18,"₹32,299",4.6,989,Free delivery,11% off
Clubics New PVP2 Video Game for Kids 1 GB with Super Ma...,₹999,No ratings,No reviews,Free delivery,66% off
Clubics 98000 Video Game IN 1 - TV / PC Game Console 1 ...,₹599,2.8,4,Free delivery,40% off
Clubics X19 Plus 5.1 inch Game Console 8G Memory Suppor...,"₹4,099",No ratings,No reviews,Free delivery,59% off
Clubics New Kids Video Game AK-2521D - Plug and Play Vi...,₹729,No ratings,No reviews,Free delivery,75% off
"Clubics PVP BLACK COLOR, LCD DISPLAY HANDHELD GAME CONS...",₹899,3.2,13,Free delivery,40% off
Clubics 98000 IN 1 Video Game - TV / PC Game Console 1 ...,₹599,No ratings,No reviews,Free delivery,40% off
Clubics PVP GAMING CONSOLE WITH 1GB INTERNAL STORAGE AN...,₹899,3.5,323,Free delivery,40% off
Clubics X20 GamingBox ARCADE PUZZLE game with inbuild S...,"₹4,249",No ratings,No reviews,Free delivery,57% off
Clubics Plug and Play TV Video Game AK-2521D Video Game...,₹729,3,5,Free delivery,75% off
Clubics X20 Gaming Box WITH 1000 GAMES 8GB Memory TEKKE...,"₹4,249",No ratings,No reviews,Free delivery,57% off
Clubics 98000 IN 1 Video Game Pad TV Video Game Control...,₹599,3.4,7,Free delivery,40% off
SONY PS4 Pro 1 TB,"₹41,990",4.6,"1,023",Free delivery,No discount
SONY PS4 Pro 1 TB with Death Stranding Game,"₹36,594",4.6,185,Free delivery,5% off
Clubics PVP Gaming Console - Pocket Game (RED) 1 GB wit...,₹899,3.7,47,Free delivery,40% off
"Clubics PVP Ga
ng Console Blue Colour with 3D Sound and...",₹899,3.4,14,Free delivery,40% off
Clubics X20 GamingBox ARCADE PUZZLE game with inbuild S...,"₹4,249",No ratings,No reviews,Free delivery,57% off
"Clubics TV Video Game PVP 1 GB with Charger, TV audio v...",₹899,4,10,Free delivery,40% off
Clubics 98000 IN 1 Video Game - Latest TV / PC Video Ga...,₹599,3.3,24,Free delivery,40% off
Psp GameKart HANDHELD BLUE COLOR PVP LIGHT T 3000 GAME ...,"₹1,198",No ratings,No reviews,Free delivery,25% off
"Clubics Video Game 1 GB with Charger, TV audio video ca...",₹899,No ratings,No reviews,Free delivery,40% off
Clubics PVP Station Gaming Console 1 GB with SUPER MARI...,₹899,No ratings,No reviews,Free delivery,40% off
Clubics PVP Portable Video Game console 1 GB with SUPER...,₹899,No ratings,No reviews,Free delivery,40% off
Clubics 98000 Games IN 1 Video Game Controller 1 GB wit...,₹599,No ratings,No reviews,Free delivery,40% off
Clubics PSP Plug N Play Hand Video Game for children (B...,₹749,4.2,12,Free delivery,55% off
Clubics 98000 Game IN 1 - TV / PC Video Game Console 1 ...,₹599,3.6,7,Free delivery,40% off
Clubics 98000 IN 1 Video Game - TV / PC Game Console 1 ...,₹599,No ratings,No reviews,Free delivery,40% off
Clubics PVP GAMING CONSOLE WITH 1GB INTERNAL STORAGE AN...,₹899,3.5,323,Free delivery,40% off
SONY PS4 Pro 1 TB with Death Stranding Game,"₹36,594",4.6,185,Free delivery,5% off
Clubics Plug and Play TV Video Game AK-2521D Video Game...,₹729,3,5,Free delivery,75% off
Clubics X20 Gaming Box WITH 1000 GAMES 8GB Memory TEKKE...,"₹4,249",No ratings,No reviews,Free delivery,57% off
Clubics 98000 IN 1 Video Game - Latest TV / PC Video Ga...,₹599,3.3,24,Free delivery,40% off
Clubics 98000 IN 1 Video Game Pad TV Video Game Control...,₹599,3.4,7,Free delivery,40% off
SONY PS4 Pro 1 TB,"₹41,990",4.6,"1,023",Free delivery,No discount
Clubics PVP Gaming Console - Pocket Game (RED) 1 GB wit...,₹899,3.7,47,Free delivery,40% off
Clubics X20 GamingBox ARCADE PUZZLE game with inbuild S...,"₹4,249",No ratings,No reviews,Free delivery,57% off
"Clubics TV Video Game PVP 1 GB with Charger, TV audio v...",₹899,4,10,Free delivery,40% off
Clubics X20 Gaming Box CAR RACING SPORTS 8GB Memory TEK...,"₹4,249",No ratings,No reviews,Free delivery,57% off
Psp GameKart INEXT 98800 GAME REMOTE PLUG INTO ANY TV F...,₹525,No ratings,No reviews,Free delivery,64% off
Psp GameKart HANDHELD BLUE COLOR PVP LIGHT T 3000 GAME ...,"₹1,198",No ratings,No reviews,Free delivery,25% off
"Clubics Video Game 1 GB with Charger, TV audio video ca...",₹899,No ratings,No reviews,Free delivery,40% off
Clubics PVP Portable Video Game console 1 GB with SUPER...,₹899,No ratings,No reviews,Free delivery,40% off
Clubics 98000 Games IN 1 Video Game Controller 1 GB wit...,₹599,No ratings,No reviews,Free delivery,40% off
Clubics 98000 Game IN 1 - TV / PC Video Game Console 1 ...,₹599,3.6,7,Free delivery,40% off
Clubics X20 GamingBox SHOOTING ARCADE PUZZLE CAR RACING...,"₹4,249",No ratings,No reviews,Free delivery,57% off
Clubics X20 With 5.1 inch HD Screen GameConsole 8GB Mem...,"₹4,249",3,2,Free delivery,57% off
Psp GameKart HANDHELD RED COLOR PVP LIGHT T 3000 GAME W...,₹988,3.3,3,Free delivery,38% off
Psp GameKart Inext 98800 in 1 Video Game - INT333 with ...,₹648,2.8,4,Free delivery,56% off
Clubics X20 Gaming Box ARCADE PUZZLE Game inbuild Speak...,"₹4,249",No ratings,No reviews,Free delivery,57% off
Psp GameKart INT-333 1 GB with 98800 Games Included (Bl...,₹588,No ratings,No reviews,Free delivery,60% off
Clubics X20 GamingBox with 5.1inch HD inbuild Speaker V...,"₹4,249",No ratings,No reviews,Free delivery,57% off
Clubics X20 Gaming Box CAR RACING SPORTS 8GB Memory TEK...,"₹4,249",No ratings,No reviews,Free delivery,57% off
Clubics X20 5.1inch HD Screen GamingBox CAR RACING SPOR...,"₹4,249",No ratings,No reviews,Free delivery,57% off
Clubics PVP Station Gaming Console 1 GB with SUPER MARI...,₹899,No ratings,No reviews,Free delivery,40% off
Clubics TV Video Game - 98000 IN 1 Video Game Pad Contr...,₹599,No ratings,No reviews,Free delivery,40% off
Clubics X20 Gaming Box TEKKEN 3 AND OTHER ACTION RACING...,"₹4,249",No ratings,No reviews,Free delivery,57% off
Clubics X20 GamingBox ARCADE PUZZLE VINTAGE game with i...,"₹4,249",No ratings,No reviews,Free delivery,57% off
Clubics X20 5.1inch HD GamingBox CAR RACING SPORTS VINT...,"₹4,249",No ratings,No reviews,Free delivery,57% off
Clubics X20 GamingBox ARCADE PUZZLE game with inbuild S...,"₹4,249",No ratings,No reviews,Free delivery,57% off
"TABARET Mario, Super Mario, DR Mario, Contra 8 GB with ...",₹799,3.3,3,Free delivery,20% off
Grabit 75203 GB-IN-10_0.1 MP4 PLAYER WITH 10000 GAMES I...,"₹2,592",3.4,58,Free delivery,35% off
Clubics PVP Video Game Handheld Gaming Console (RED) 1 ...,₹899,2.9,7,Free delivery,40% off
Clubics Best PVP Station Gaming Console 1 GB with SUPER...,₹899,3.5,250,Free delivery,40% off
Clubics Plug N Play 220 Gaming Console for Video Games ...,₹749,No ratings,No reviews,Free delivery,55% off
Raysx PVP BLACK COLOR 3000 GAMES VIDEO CONSOLE HANDHELD...,₹987,3.3,30,Free delivery,80% off
PICSTAR IN-XT IN-101 POCKET MP4 PLAYER WITH 1000 GAMES ...,"₹2,999",No ratings,No reviews,Free delivery,40% off
